project,manifest,dependency_type,dependency,declared_version
"VortexDL","VortexDL/frontend/package.json","dependencies","@angular/cdk","^22.1.4"
"VortexDL","VortexDL/frontend/package.json","dependencies","@angular/common","^22.1.4"
"VortexDL","VortexDL/frontend/package.json","dependencies","@angular/compiler","^22.1.4"
"VortexDL","VortexDL/frontend/package.json","dependencies","@angular/core","^22.1.4"
"VortexDL","VortexDL/frontend/package.json","dependencies","@angular/forms","^22.1.4"
"VortexDL","VortexDL/frontend/package.json","dependencies","@angular/material","^22.1.4"
"VortexDL","VortexDL/frontend/package.json","dependencies","@angular/platform-browser","^22.1.4"
"VortexDL","VortexDL/frontend/package.json","dependencies","@angular/router","^22.1.4"
"VortexDL","VortexDL/frontend/package.json","dependencies","@rx-angular/cdk","^21.1.1"
"VortexDL","VortexDL/frontend/package.json","dependencies","@rx-angular/template","^21.2.1"
"VortexDL","VortexDL/frontend/package.json","dependencies","fuse.js","^7.5.0"
"VortexDL","VortexDL/frontend/package.json","dependencies","material-symbols","^0.47.0"
"VortexDL","VortexDL/frontend/package.json","dependencies","rxjs","~7.8.0"
"VortexDL","VortexDL/frontend/package.json","dependencies","tslib","^2.3.0"
"VortexDL","VortexDL/frontend/package.json","devDependencies","@angular/build","^22.1.6"
"VortexDL","VortexDL/frontend/package.json","devDependencies","@angular/cli","^22.1.6"
"VortexDL","VortexDL/frontend/package.json","devDependencies","@angular/compiler-cli","^22.1.4"
"VortexDL","VortexDL/frontend/package.json","devDependencies","@angular/language-server","^22.1.4"
"VortexDL","VortexDL/frontend/package.json","devDependencies","@eslint/js","^10.0.1"
"VortexDL","VortexDL/frontend/package.json","devDependencies","@types/node","^26.4.0"
"VortexDL","VortexDL/frontend/package.json","devDependencies","angular-eslint","22.2.0"
"VortexDL","VortexDL/frontend/package.json","devDependencies","eslint","^10.9.1"
"VortexDL","VortexDL/frontend/package.json","devDependencies","jsdom","^30.0.1"
"VortexDL","VortexDL/frontend/package.json","devDependencies","typescript","~6.0.0"
"VortexDL","VortexDL/frontend/package.json","devDependencies","typescript-eslint","8.69.0"
"VortexDL","VortexDL/frontend/package.json","devDependencies","vitest","^4.1.11"
"Frontend-workspace","Frontend-workspace/libs/ui-kit/package.json","dependencies","tslib","^2.3.0"
"Frontend-workspace","Frontend-workspace/libs/ui-kit/package.json","devDependencies","@angular/common","^21.1.5"
"Frontend-workspace","Frontend-workspace/libs/ui-kit/package.json","devDependencies","@angular/compiler","^21.1.5"
"Frontend-workspace","Frontend-workspace/libs/ui-kit/package.json","devDependencies","@angular/compiler-cli","^21.1.5"
"Frontend-workspace","Frontend-workspace/libs/ui-kit/package.json","devDependencies","@angular/core","^21.1.5"
"Frontend-workspace","Frontend-workspace/libs/ui-kit/package.json","devDependencies","@angular/forms","^21.1.5"
"Frontend-workspace","Frontend-workspace/libs/ui-kit/package.json","devDependencies","@angular/platform-browser","^21.1.5"
"Frontend-workspace","Frontend-workspace/libs/ui-kit/package.json","devDependencies","@angular/router","^21.1.5"
"Frontend-workspace","Frontend-workspace/libs/ui-kit/package.json","devDependencies","@bobbyquantum/ngx-editor","^21.0.0-beta.1"
"Frontend-workspace","Frontend-workspace/libs/ui-kit/package.json","devDependencies","lucide-angular","^0.575.0"
"Frontend-workspace","Frontend-workspace/libs/ui-kit/package.json","devDependencies","ng-packagr","^21.1.0"
"Frontend-workspace","Frontend-workspace/libs/ui-kit/package.json","devDependencies","rxjs","^7.8.2"
"Frontend-workspace","Frontend-workspace/libs/ui-kit/package.json","devDependencies","typescript","^5.9.3"
"Frontend-workspace","Frontend-workspace/libs/ui-kit/package.json","peerDependencies","@angular/common","^21.1.0"
"Frontend-workspace","Frontend-workspace/libs/ui-kit/package.json","peerDependencies","@angular/core","^21.1.0"
"Frontend-workspace","Frontend-workspace/libs/ui-kit/package.json","peerDependencies","@angular/router","^21.1.0"
"Frontend-workspace","Frontend-workspace/libs/ui-kit/package.json","peerDependencies","@angular/forms","^21.1.0"
"Frontend-workspace","Frontend-workspace/libs/ui-kit/package.json","peerDependencies","@angular/platform-browser","^21.1.0"
"Frontend-workspace","Frontend-workspace/libs/ui-kit/package.json","peerDependencies","lucide-angular",">=0.0.0"
"Frontend-workspace","Frontend-workspace/libs/ui-kit/package.json","peerDependencies","@bobbyquantum/ngx-editor",">=0.0.0"
"Frontend-workspace","Frontend-workspace/package.json","dependencies","@angular/animations","^21.2.0"
"Frontend-workspace","Frontend-workspace/package.json","dependencies","@angular/cdk","^21.2.0"
"Frontend-workspace","Frontend-workspace/package.json","dependencies","@angular/common","^21.2.0"
"Frontend-workspace","Frontend-workspace/package.json","dependencies","@angular/compiler","^21.2.0"
"Frontend-workspace","Frontend-workspace/package.json","dependencies","@angular/core","^21.2.0"
"Frontend-workspace","Frontend-workspace/package.json","dependencies","@angular/forms","^21.2.0"
"Frontend-workspace","Frontend-workspace/package.json","dependencies","@angular/localize","^21.2.0"
"Frontend-workspace","Frontend-workspace/package.json","dependencies","@angular/material","^21.2.0"
"Frontend-workspace","Frontend-workspace/package.json","dependencies","@angular/platform-browser","^21.2.0"
"Frontend-workspace","Frontend-workspace/package.json","dependencies","@angular/platform-browser-dynamic","^21.2.0"
"Frontend-workspace","Frontend-workspace/package.json","dependencies","@angular/platform-server","^21.2.0"
"Frontend-workspace","Frontend-workspace/package.json","dependencies","@angular/router","^21.2.0"
"Frontend-workspace","Frontend-workspace/package.json","dependencies","@angular/ssr","^21.2.0"
"Frontend-workspace","Frontend-workspace/package.json","dependencies","@bobbyquantum/ngx-editor","^21.0.0-beta.1"
"Frontend-workspace","Frontend-workspace/package.json","dependencies","@google/model-viewer","^4.1.0"
"Frontend-workspace","Frontend-workspace/package.json","dependencies","@ngx-translate/core","^17.0.0"
"Frontend-workspace","Frontend-workspace/package.json","dependencies","@ngx-translate/http-loader","^17.0.0"
"Frontend-workspace","Frontend-workspace/package.json","dependencies","@swimlane/ngx-charts","^23.1.0"
"Frontend-workspace","Frontend-workspace/package.json","dependencies","express","^5.1.0"
"Frontend-workspace","Frontend-workspace/package.json","dependencies","keen-slider","^6.8.6"
"Frontend-workspace","Frontend-workspace/package.json","dependencies","lucide-angular","^0.575.0"
"Frontend-workspace","Frontend-workspace/package.json","dependencies","ngx-carousel-ease","^0.1.9"
"Frontend-workspace","Frontend-workspace/package.json","dependencies","rxjs","^7.8.2"
"Frontend-workspace","Frontend-workspace/package.json","dependencies","three","^0.178.0"
"Frontend-workspace","Frontend-workspace/package.json","dependencies","tslib","^2.8.1"
"Frontend-workspace","Frontend-workspace/package.json","devDependencies","@angular-builders/custom-esbuild","^21.0.3"
"Frontend-workspace","Frontend-workspace/package.json","devDependencies","@angular-devkit/build-angular","^21.2.0"
"Frontend-workspace","Frontend-workspace/package.json","devDependencies","@angular-devkit/core","^21.2.0"
"Frontend-workspace","Frontend-workspace/package.json","devDependencies","@angular-devkit/schematics","^21.2.0"
"Frontend-workspace","Frontend-workspace/package.json","devDependencies","@angular-eslint/eslint-plugin","^21.2.0"
"Frontend-workspace","Frontend-workspace/package.json","devDependencies","@angular-eslint/eslint-plugin-template","^21.2.0"
"Frontend-workspace","Frontend-workspace/package.json","devDependencies","@angular-eslint/template-parser","^21.2.0"
"Frontend-workspace","Frontend-workspace/package.json","devDependencies","@angular/build","^21.2.0"
"Frontend-workspace","Frontend-workspace/package.json","devDependencies","@angular/cli","^21.2.0"
"Frontend-workspace","Frontend-workspace/package.json","devDependencies","@angular/compiler-cli","^21.2.0"
"Frontend-workspace","Frontend-workspace/package.json","devDependencies","@angular/language-service","^21.2.0"
"Frontend-workspace","Frontend-workspace/package.json","devDependencies","@nx/angular","^22.5.2"
"Frontend-workspace","Frontend-workspace/package.json","devDependencies","@nx/eslint","^22.5.2"
"Frontend-workspace","Frontend-workspace/package.json","devDependencies","@nx/jest","^22.5.2"
"Frontend-workspace","Frontend-workspace/package.json","devDependencies","@nx/js","^22.5.2"
"Frontend-workspace","Frontend-workspace/package.json","devDependencies","@nx/workspace","^22.5.2"
"Frontend-workspace","Frontend-workspace/package.json","devDependencies","@types/d3-scale","^4.0.8"
"Frontend-workspace","Frontend-workspace/package.json","devDependencies","@types/d3-selection","^3.0.11"
"Frontend-workspace","Frontend-workspace/package.json","devDependencies","@types/d3-shape","^3.1.7"
"Frontend-workspace","Frontend-workspace/package.json","devDependencies","@types/express","^5.0.1"
"Frontend-workspace","Frontend-workspace/package.json","devDependencies","@types/jasmine","~5.1.5"
"Frontend-workspace","Frontend-workspace/package.json","devDependencies","@types/jest","^30.0.0"
"Frontend-workspace","Frontend-workspace/package.json","devDependencies","@types/node","^22.13.1"
"Frontend-workspace","Frontend-workspace/package.json","devDependencies","@types/three","^0.182.0"
"Frontend-workspace","Frontend-workspace/package.json","devDependencies","@typescript-eslint/eslint-plugin","7.18.0"
"Frontend-workspace","Frontend-workspace/package.json","devDependencies","@typescript-eslint/parser","7.18.0"
"Frontend-workspace","Frontend-workspace/package.json","devDependencies","dotenv","^17.2.1"
"Frontend-workspace","Frontend-workspace/package.json","devDependencies","eslint","8.57.1"
"Frontend-workspace","Frontend-workspace/package.json","devDependencies","eslint-import-resolver-typescript","^4.4.4"
"Frontend-workspace","Frontend-workspace/package.json","devDependencies","eslint-plugin-boundaries","^3.0.0"
"Frontend-workspace","Frontend-workspace/package.json","devDependencies","eslint-plugin-import","^2.31.0"
"Frontend-workspace","Frontend-workspace/package.json","devDependencies","fuse.js","^7.1.0"
"Frontend-workspace","Frontend-workspace/package.json","devDependencies","gzipper","^8.2.1"
"Frontend-workspace","Frontend-workspace/package.json","devDependencies","jasmine-core","~5.9.0"
"Frontend-workspace","Frontend-workspace/package.json","devDependencies","karma","^6.4.4"
"Frontend-workspace","Frontend-workspace/package.json","devDependencies","karma-chrome-launcher","~3.2.0"
"Frontend-workspace","Frontend-workspace/package.json","devDependencies","karma-coverage","~2.2.1"
"Frontend-workspace","Frontend-workspace/package.json","devDependencies","karma-jasmine","~5.1.0"
"Frontend-workspace","Frontend-workspace/package.json","devDependencies","karma-jasmine-html-reporter","~2.1.0"
"Frontend-workspace","Frontend-workspace/package.json","devDependencies","listr2","^9.0.1"
"Frontend-workspace","Frontend-workspace/package.json","devDependencies","ng-packagr","^21.2.0"
"Frontend-workspace","Frontend-workspace/package.json","devDependencies","nx","^22.5.2"
"Frontend-workspace","Frontend-workspace/package.json","devDependencies","prettier","^3.5.3"
"Frontend-workspace","Frontend-workspace/package.json","devDependencies","syncpack","^11.0.0"
"Frontend-workspace","Frontend-workspace/package.json","devDependencies","vite","^7.0.6"
"Frontend-workspace","Frontend-workspace/package.json","devDependencies","vite-plugin-compression","^0.5.1"
"Elux","Elux/web/package.json","dependencies","@angular-builders/custom-esbuild","^20.0.0"
"Elux","Elux/web/package.json","dependencies","@angular/animations","^20.1.7"
"Elux","Elux/web/package.json","dependencies","@angular/cdk","^20.1.6"
"Elux","Elux/web/package.json","dependencies","@angular/cdk-experimental","^21.0.1"
"Elux","Elux/web/package.json","dependencies","@angular/common","^20.1.7"
"Elux","Elux/web/package.json","dependencies","@angular/compiler","^20.1.7"
"Elux","Elux/web/package.json","dependencies","@angular/core","^20.1.7"
"Elux","Elux/web/package.json","dependencies","@angular/forms","^20.1.7"
"Elux","Elux/web/package.json","dependencies","@angular/platform-browser","^20.1.7"
"Elux","Elux/web/package.json","dependencies","@angular/platform-browser-dynamic","^20.1.7"
"Elux","Elux/web/package.json","dependencies","@angular/router","^20.1.7"
"Elux","Elux/web/package.json","dependencies","@maskito/angular","^3.10.3"
"Elux","Elux/web/package.json","dependencies","@maskito/core","^3.10.3"
"Elux","Elux/web/package.json","dependencies","@maskito/kit","^3.10.3"
"Elux","Elux/web/package.json","dependencies","@maskito/phone","^3.10.3"
"Elux","Elux/web/package.json","dependencies","@ng-util/monaco-editor","^21.0.1"
"Elux","Elux/web/package.json","dependencies","@ng-web-apis/common","^4.12.0"
"Elux","Elux/web/package.json","dependencies","@ng-web-apis/intersection-observer","^4.12.0"
"Elux","Elux/web/package.json","dependencies","@ng-web-apis/mutation-observer","^4.12.0"
"Elux","Elux/web/package.json","dependencies","@ng-web-apis/platform","^4.12.0"
"Elux","Elux/web/package.json","dependencies","@ng-web-apis/resize-observer","^4.12.0"
"Elux","Elux/web/package.json","dependencies","@ng-web-apis/screen-orientation","^4.12.0"
"Elux","Elux/web/package.json","dependencies","@taiga-ui/addon-charts","^4.49.0"
"Elux","Elux/web/package.json","dependencies","@taiga-ui/addon-commerce","^4.49.0"
"Elux","Elux/web/package.json","dependencies","@taiga-ui/addon-mobile","^4.49.0"
"Elux","Elux/web/package.json","dependencies","@taiga-ui/addon-table","^4.49.0"
"Elux","Elux/web/package.json","dependencies","@taiga-ui/cdk","^4.49.0"
"Elux","Elux/web/package.json","dependencies","@taiga-ui/core","^4.49.0"
"Elux","Elux/web/package.json","dependencies","@taiga-ui/event-plugins","^4.0.2"
"Elux","Elux/web/package.json","dependencies","@taiga-ui/experimental","^4.50.0"
"Elux","Elux/web/package.json","dependencies","@taiga-ui/i18n","^4.49.0"
"Elux","Elux/web/package.json","dependencies","@taiga-ui/icons","^4.49.0"
"Elux","Elux/web/package.json","dependencies","@taiga-ui/kit","^4.49.0"
"Elux","Elux/web/package.json","dependencies","@taiga-ui/layout","^4.49.0"
"Elux","Elux/web/package.json","dependencies","@taiga-ui/polymorpheus","^4.9.0"
"Elux","Elux/web/package.json","dependencies","less","^4.4.0"
"Elux","Elux/web/package.json","dependencies","libphonenumber-js","^1.12.12"
"Elux","Elux/web/package.json","dependencies","monaco-editor","^0.55.1"
"Elux","Elux/web/package.json","dependencies","rxjs","~7.8.0"
"Elux","Elux/web/package.json","dependencies","tslib","^2.3.0"
"Elux","Elux/web/package.json","dependencies","vite-plugin-compression","^0.5.1"
"Elux","Elux/web/package.json","devDependencies","@angular/build","^20.1.6"
"Elux","Elux/web/package.json","devDependencies","@angular/cli","^20.1.6"
"Elux","Elux/web/package.json","devDependencies","@angular/compiler-cli","^20.1.7"
"Elux","Elux/web/package.json","devDependencies","@types/jasmine","~5.1.0"
"Elux","Elux/web/package.json","devDependencies","dotenv","^17.2.1"
"Elux","Elux/web/package.json","devDependencies","jasmine-core","~5.6.0"
"Elux","Elux/web/package.json","devDependencies","karma","~6.4.0"
"Elux","Elux/web/package.json","devDependencies","karma-chrome-launcher","~3.2.0"
"Elux","Elux/web/package.json","devDependencies","karma-coverage","~2.2.0"
"Elux","Elux/web/package.json","devDependencies","karma-jasmine","~5.1.0"
"Elux","Elux/web/package.json","devDependencies","karma-jasmine-html-reporter","~2.1.0"
"Elux","Elux/web/package.json","devDependencies","typescript","~5.8.3"
"Arcania-workspace","Arcania-workspace/libs/ui-kit/package.json","dependencies","tslib","^2.3.0"
"Arcania-workspace","Arcania-workspace/libs/ui-kit/package.json","devDependencies","@angular/common","^21.1.5"
"Arcania-workspace","Arcania-workspace/libs/ui-kit/package.json","devDependencies","@angular/compiler","^21.1.5"
"Arcania-workspace","Arcania-workspace/libs/ui-kit/package.json","devDependencies","@angular/compiler-cli","^21.1.5"
"Arcania-workspace","Arcania-workspace/libs/ui-kit/package.json","devDependencies","@angular/core","^21.1.5"
"Arcania-workspace","Arcania-workspace/libs/ui-kit/package.json","devDependencies","@angular/forms","^21.1.5"
"Arcania-workspace","Arcania-workspace/libs/ui-kit/package.json","devDependencies","@angular/platform-browser","^21.1.5"
"Arcania-workspace","Arcania-workspace/libs/ui-kit/package.json","devDependencies","@angular/router","^21.1.5"
"Arcania-workspace","Arcania-workspace/libs/ui-kit/package.json","devDependencies","@bobbyquantum/ngx-editor","^21.0.0-beta.1"
"Arcania-workspace","Arcania-workspace/libs/ui-kit/package.json","devDependencies","lucide-angular","^0.575.0"
"Arcania-workspace","Arcania-workspace/libs/ui-kit/package.json","devDependencies","ng-packagr","^21.1.0"
"Arcania-workspace","Arcania-workspace/libs/ui-kit/package.json","devDependencies","rxjs","^7.8.2"
"Arcania-workspace","Arcania-workspace/libs/ui-kit/package.json","devDependencies","typescript","^5.9.3"
"Arcania-workspace","Arcania-workspace/libs/ui-kit/package.json","peerDependencies","@angular/common","^21.1.0"
"Arcania-workspace","Arcania-workspace/libs/ui-kit/package.json","peerDependencies","@angular/core","^21.1.0"
"Arcania-workspace","Arcania-workspace/libs/ui-kit/package.json","peerDependencies","@angular/router","^21.1.0"
"Arcania-workspace","Arcania-workspace/libs/ui-kit/package.json","peerDependencies","@angular/forms","^21.1.0"
"Arcania-workspace","Arcania-workspace/libs/ui-kit/package.json","peerDependencies","@angular/platform-browser","^21.1.0"
"Arcania-workspace","Arcania-workspace/libs/ui-kit/package.json","peerDependencies","lucide-angular",">=0.0.0"
"Arcania-workspace","Arcania-workspace/libs/ui-kit/package.json","peerDependencies","@bobbyquantum/ngx-editor",">=0.0.0"
"Arcania-workspace","Arcania-workspace/package.json","dependencies","@angular/animations","^21.2.5"
"Arcania-workspace","Arcania-workspace/package.json","dependencies","@angular/cdk","^21.2.0"
"Arcania-workspace","Arcania-workspace/package.json","dependencies","@angular/common","^21.2.0"
"Arcania-workspace","Arcania-workspace/package.json","dependencies","@angular/compiler","^21.2.0"
"Arcania-workspace","Arcania-workspace/package.json","dependencies","@angular/core","^21.2.0"
"Arcania-workspace","Arcania-workspace/package.json","dependencies","@angular/forms","^21.2.0"
"Arcania-workspace","Arcania-workspace/package.json","dependencies","@angular/localize","^21.2.0"
"Arcania-workspace","Arcania-workspace/package.json","dependencies","@angular/material","^21.2.0"
"Arcania-workspace","Arcania-workspace/package.json","dependencies","@angular/platform-browser","^21.2.0"
"Arcania-workspace","Arcania-workspace/package.json","dependencies","@angular/platform-browser-dynamic","^21.2.0"
"Arcania-workspace","Arcania-workspace/package.json","dependencies","@angular/platform-server","^21.2.5"
"Arcania-workspace","Arcania-workspace/package.json","dependencies","@angular/router","^21.2.0"
"Arcania-workspace","Arcania-workspace/package.json","dependencies","@angular/ssr","^21.2.3"
"Arcania-workspace","Arcania-workspace/package.json","dependencies","@bobbyquantum/ngx-editor","^21.0.0"
"Arcania-workspace","Arcania-workspace/package.json","dependencies","@ngx-translate/core","^17.0.0"
"Arcania-workspace","Arcania-workspace/package.json","dependencies","@ngx-translate/http-loader","^17.0.0"
"Arcania-workspace","Arcania-workspace/package.json","dependencies","@swimlane/ngx-charts","^23.1.0"
"Arcania-workspace","Arcania-workspace/package.json","dependencies","@typescript-eslint/utils","8.59.0"
"Arcania-workspace","Arcania-workspace/package.json","dependencies","express","^5.2.1"
"Arcania-workspace","Arcania-workspace/package.json","dependencies","keen-slider","^6.8.6"
"Arcania-workspace","Arcania-workspace/package.json","dependencies","lucide-angular","^1.0.0"
"Arcania-workspace","Arcania-workspace/package.json","dependencies","rxjs","^7.8.2"
"Arcania-workspace","Arcania-workspace/package.json","dependencies","three","^0.184.0"
"Arcania-workspace","Arcania-workspace/package.json","dependencies","tslib","^2.8.1"
"Arcania-workspace","Arcania-workspace/package.json","devDependencies","@angular-builders/custom-esbuild","^21.0.3"
"Arcania-workspace","Arcania-workspace/package.json","devDependencies","@angular-devkit/build-angular","^21.2.3"
"Arcania-workspace","Arcania-workspace/package.json","devDependencies","@angular-devkit/core","^21.2.3"
"Arcania-workspace","Arcania-workspace/package.json","devDependencies","@angular-devkit/schematics","^21.2.3"
"Arcania-workspace","Arcania-workspace/package.json","devDependencies","@angular-eslint/eslint-plugin","^21.3.1"
"Arcania-workspace","Arcania-workspace/package.json","devDependencies","@angular-eslint/eslint-plugin-template","^21.3.1"
"Arcania-workspace","Arcania-workspace/package.json","devDependencies","@angular-eslint/template-parser","^21.3.1"
"Arcania-workspace","Arcania-workspace/package.json","devDependencies","@angular/build","^21.2.3"
"Arcania-workspace","Arcania-workspace/package.json","devDependencies","@angular/cli","^21.2.3"
"Arcania-workspace","Arcania-workspace/package.json","devDependencies","@angular/compiler-cli","^21.2.0"
"Arcania-workspace","Arcania-workspace/package.json","devDependencies","@angular/language-service","^21.2.5"
"Arcania-workspace","Arcania-workspace/package.json","devDependencies","@nx/angular","22.6.5"
"Arcania-workspace","Arcania-workspace/package.json","devDependencies","@nx/eslint","22.6.5"
"Arcania-workspace","Arcania-workspace/package.json","devDependencies","@nx/jest","22.6.5"
"Arcania-workspace","Arcania-workspace/package.json","devDependencies","@nx/js","22.6.5"
"Arcania-workspace","Arcania-workspace/package.json","devDependencies","@nx/workspace","22.6.5"
"Arcania-workspace","Arcania-workspace/package.json","devDependencies","@types/d3-scale","^4.0.9"
"Arcania-workspace","Arcania-workspace/package.json","devDependencies","@types/d3-selection","^3.0.11"
"Arcania-workspace","Arcania-workspace/package.json","devDependencies","@types/d3-shape","^3.1.8"
"Arcania-workspace","Arcania-workspace/package.json","devDependencies","@types/express","^5.0.6"
"Arcania-workspace","Arcania-workspace/package.json","devDependencies","@types/jasmine","~6.0.0"
"Arcania-workspace","Arcania-workspace/package.json","devDependencies","@types/jest","^30.0.0"
"Arcania-workspace","Arcania-workspace/package.json","devDependencies","@types/node","^25.5.0"
"Arcania-workspace","Arcania-workspace/package.json","devDependencies","@types/three","^0.184.0"
"Arcania-workspace","Arcania-workspace/package.json","devDependencies","@typescript-eslint/eslint-plugin","8.59.0"
"Arcania-workspace","Arcania-workspace/package.json","devDependencies","@typescript-eslint/parser","8.59.0"
"Arcania-workspace","Arcania-workspace/package.json","devDependencies","dotenv","^17.3.1"
"Arcania-workspace","Arcania-workspace/package.json","devDependencies","eslint","10.2.1"
"Arcania-workspace","Arcania-workspace/package.json","devDependencies","eslint-import-resolver-typescript","^4.4.4"
"Arcania-workspace","Arcania-workspace/package.json","devDependencies","eslint-plugin-boundaries","^6.0.1"
"Arcania-workspace","Arcania-workspace/package.json","devDependencies","eslint-plugin-import","^2.32.0"
"Arcania-workspace","Arcania-workspace/package.json","devDependencies","fuse.js","^7.1.0"
"Arcania-workspace","Arcania-workspace/package.json","devDependencies","gzipper","^8.2.1"
"Arcania-workspace","Arcania-workspace/package.json","devDependencies","jasmine-core","~6.2.0"
"Arcania-workspace","Arcania-workspace/package.json","devDependencies","karma","^6.4.4"
"Arcania-workspace","Arcania-workspace/package.json","devDependencies","karma-chrome-launcher","~3.2.0"
"Arcania-workspace","Arcania-workspace/package.json","devDependencies","karma-coverage","~2.2.1"
"Arcania-workspace","Arcania-workspace/package.json","devDependencies","karma-jasmine","~5.1.0"
"Arcania-workspace","Arcania-workspace/package.json","devDependencies","karma-jasmine-html-reporter","~2.2.0"
"Arcania-workspace","Arcania-workspace/package.json","devDependencies","lighthouse","^13.1.0"
"Arcania-workspace","Arcania-workspace/package.json","devDependencies","ng-packagr","^21.2.1"
"Arcania-workspace","Arcania-workspace/package.json","devDependencies","nx","22.6.5"
"Arcania-workspace","Arcania-workspace/package.json","devDependencies","prettier","^3.8.1"
"Arcania-workspace","Arcania-workspace/package.json","devDependencies","serve","^14.2.6"
"Arcania-workspace","Arcania-workspace/package.json","devDependencies","syncpack","^14.2.1"
"Arcania-workspace","Arcania-workspace/package.json","devDependencies","vite","^8.0.1"
"Arcania-workspace","Arcania-workspace/package.json","devDependencies","vite-plugin-compression","^0.5.1"
"Arcania-workspace","Arcania-workspace/package.json","devDependencies","wait-on","^9.0.5"
"Zonex","Zonex/Cargo.toml","[dependencies]","gtk4","0.11.4"
"Zonex","Zonex/Cargo.toml","[dependencies]","libadwaita","0.9.2"
"Zonex","Zonex/Cargo.toml","[dependencies]","gdk4","0.11.4"
"Zonex","Zonex/Cargo.toml","[dependencies]","glib","0.22.8"
"Zonex","Zonex/Cargo.toml","[dependencies]","gio","0.22.8"
"Zonex","Zonex/Cargo.toml","[dependencies]","zip","8.6.0"
"Zonex","Zonex/Cargo.toml","[dependencies]","tar","0.4.44"
"Zonex","Zonex/Cargo.toml","[dependencies]","flate2","1.1.2"
"Zonex","Zonex/Cargo.toml","[dependencies]","zstd","0.13.3"
"Zonex","Zonex/Cargo.toml","[dependencies]","tempfile","3.19.1"
"Zonex","Zonex/Cargo.toml","[dependencies]","anyhow","1.0.98"
"Zonex","Zonex/Cargo.toml","[dependencies]","thiserror","2.0.19"
"Zonex","Zonex/Cargo.toml","[dependencies]","url","2.5.4"
"Zonex","Zonex/Cargo.toml","[dependencies]","walkdir","2.5.0"
"Zonex","Zonex/Cargo.toml","[dependencies]","tracing","0.1.41"
"Zonex","Zonex/Cargo.toml","[dependencies]","tracing-subscriber","0.3.19"
"Zonex","Zonex/Cargo.toml","[dependencies]","compress-tools","0.16.1"
"Zonex","Zonex/Cargo.toml","[dependencies]","fuser","0.18.0"
"Zonex","Zonex/Cargo.toml","[dependencies]","libc","0.2"
"Zonex","Zonex/Cargo.toml","[dependencies]","crc32fast","1.4"
"VortexDL","VortexDL/libs/yt-audio-downloader-rs/Cargo.toml","[dependencies]","tokio","1.52.3"
"VortexDL","VortexDL/libs/yt-audio-downloader-rs/Cargo.toml","[dependencies]","reqwest","0.13"
"VortexDL","VortexDL/libs/yt-audio-downloader-rs/Cargo.toml","[dependencies]","serde","1.0.228"
"VortexDL","VortexDL/libs/yt-audio-downloader-rs/Cargo.toml","[dependencies]","serde_json","1.0.149"
"VortexDL","VortexDL/libs/yt-audio-downloader-rs/Cargo.toml","[dependencies]","thiserror","2.0"
"VortexDL","VortexDL/libs/yt-audio-downloader-rs/Cargo.toml","[dependencies]","futures-util","0.3.32"
"VortexDL","VortexDL/libs/yt-audio-downloader-rs/Cargo.toml","[dependencies]","url","2.5.8"
"VortexDL","VortexDL/libs/yt-audio-downloader-rs/Cargo.toml","[dependencies]","regex","1.12.3"
"VortexDL","VortexDL/libs/yt-audio-downloader-rs/Cargo.toml","[dependencies]","tracing","0.1"
"VortexDL","VortexDL/libs/yt-audio-downloader-rs/Cargo.toml","[dependencies]","tracing-subscriber","0.3"
"VortexDL","VortexDL/libs/yt-audio-downloader-rs/Cargo.toml","[dependencies]","tokio-util","0.7"
"VortexDL","VortexDL/libs/yt-audio-downloader-rs/Cargo.toml","[dependencies]","bytes","1.12"
"VortexDL","VortexDL/libs/soundcloud-rs/Cargo.toml","[dependencies]","regex","1.12.3"
"VortexDL","VortexDL/libs/soundcloud-rs/Cargo.toml","[dependencies]","reqwest","0.13"
"VortexDL","VortexDL/libs/soundcloud-rs/Cargo.toml","[dependencies]","serde","1.0"
"VortexDL","VortexDL/libs/soundcloud-rs/Cargo.toml","[dependencies]","serde_json","1.0"
"VortexDL","VortexDL/libs/soundcloud-rs/Cargo.toml","[dependencies]","tokio","1"
"VortexDL","VortexDL/libs/soundcloud-rs/Cargo.toml","[dependencies]","url","2.5"
"VortexDL","VortexDL/libs/soundcloud-rs/Cargo.toml","[dependencies]","ffmpeg-sidecar","2.5.1"
"VortexDL","VortexDL/libs/soundcloud-rs/Cargo.toml","[dependencies]","tracing","0.1"
"VortexDL","VortexDL/Cargo.toml","[dependencies]","serde","1.0.228"
"VortexDL","VortexDL/Cargo.toml","[dependencies]","serde_json","1.0.149"
"VortexDL","VortexDL/Cargo.toml","[dependencies]","tokio","1.52.3"
"VortexDL","VortexDL/Cargo.toml","[dependencies]","futures","0.3.32"
"VortexDL","VortexDL/Cargo.toml","[dependencies]","clap","4.6.1"
"VortexDL","VortexDL/Cargo.toml","[dependencies]","url","2.5.8"
"VortexDL","VortexDL/Cargo.toml","[dependencies]","mimalloc","0.1.50"
"VortexDL","VortexDL/Cargo.toml","[dependencies]","soundcloud-rs","libs/soundcloud-rs"
"VortexDL","VortexDL/Cargo.toml","[dependencies]","yt-audio-downloader","libs/yt-audio-downloader-rs"
"VortexDL","VortexDL/Cargo.toml","[dependencies]","colored","3.1.1"
"VortexDL","VortexDL/Cargo.toml","[dependencies]","indicatif","0.18.4"
"VortexDL","VortexDL/Cargo.toml","[dependencies]","id3","1.16.4"
"VortexDL","VortexDL/Cargo.toml","[dependencies]","axum","0.8"
"VortexDL","VortexDL/Cargo.toml","[dependencies]","tower-http","0.6"
"VortexDL","VortexDL/Cargo.toml","[dependencies]","tower","0.5"
"VortexDL","VortexDL/Cargo.toml","[dependencies]","tracing","0.1"
"VortexDL","VortexDL/Cargo.toml","[dependencies]","tracing-subscriber","0.3"
"VortexDL","VortexDL/Cargo.toml","[dependencies]","reqwest","0.13"
"VortexDL","VortexDL/Cargo.toml","[dependencies]","anyhow","1.0.102"
"VortexDL","VortexDL/Cargo.toml","[dependencies]","rust-embed","8.11.0"
"VortexDL","VortexDL/Cargo.toml","[dependencies]","mime_guess","2.0.5"
"VortexDL","VortexDL/Cargo.toml","[dependencies]","redb","4.1.0"
"VortexDL","VortexDL/Cargo.toml","[dependencies]","dirs","6.0.0"
"VortexDL","VortexDL/Cargo.toml","[dependencies]","deunicode","1.6.2"
"VortexDL","VortexDL/Cargo.toml","[dependencies]","symphonia","0.5.4"
"VortexDL","VortexDL/Cargo.toml","[dependencies]","utoipa","5.0"
"VortexDL","VortexDL/Cargo.toml","[dependencies]","utoipa-swagger-ui","9.0"
"VortexDL","VortexDL/Cargo.toml","[dependencies]","notify","8.2.0"
"VortexDL","VortexDL/Cargo.toml","[dependencies]","thiserror","2"
"VortexDL","VortexDL/Cargo.toml","[dependencies]","base64","0.22"
"VortexDL","VortexDL/Cargo.toml","[dev-dependencies]","tempfile","3.27"
"VortexDL","VortexDL/Cargo.toml","[dev-dependencies]","tower","0.5"
"Elux","Elux/xray/xray-sys/Cargo.toml","[build-dependencies]","bindgen","0.72.1"
"Elux","Elux/xray/Cargo.toml","[dependencies]","xray-sys","0.0.1"
"Elux","Elux/xray/Cargo.toml","[dependencies]","thiserror","2.0.18"
"Elux","Elux/xray/Cargo.toml","[dependencies]","ureq","3.3.0"
"Elux","Elux/core/Cargo.toml","[dependencies]","serde","1.0.188"
"Elux","Elux/core/Cargo.toml","[dependencies]","serde_derive","1.0.188"
"Elux","Elux/core/Cargo.toml","[dependencies]","serde_json","1.0.107"
"Elux","Elux/core/Cargo.toml","[dependencies]","tokio","1.32.0"
"Elux","Elux/core/Cargo.toml","[dependencies]","futures","0.3.28"
"Elux","Elux/core/Cargo.toml","[dependencies]","anyhow","1.0.98"
"Elux","Elux/core/Cargo.toml","[dependencies]","dirs","6.0.0"
"Elux","Elux/core/Cargo.toml","[dependencies]","eyre","0.6.12"
"Elux","Elux/core/Cargo.toml","[dependencies]","clap","4.5.41"
"Elux","Elux/core/Cargo.toml","[dependencies]","reqwest","0.12.22"
"Elux","Elux/core/Cargo.toml","[dependencies]","base64","0.22.1"
"Elux","Elux/core/Cargo.toml","[dependencies]","rand","0.9.1"
"Elux","Elux/core/Cargo.toml","[dependencies]","url","2.5.4"
"Elux","Elux/core/Cargo.toml","[dependencies]","axum","0.8.4"
"Elux","Elux/core/Cargo.toml","[dependencies]","tower-http","0.6.6"
"Elux","Elux/core/Cargo.toml","[dependencies]","tower","0.5.2"
"Elux","Elux/core/Cargo.toml","[dependencies]","thiserror","2.0.18"
"Elux","Elux/core/Cargo.toml","[dependencies]","notify","8.2.0"
"Elux","Elux/core/Cargo.toml","[dependencies]","mimalloc","0.1.48"
"Elux","Elux/core/Cargo.toml","[dependencies]","rusqlite","0.37.0"
"Elux","Elux/core/Cargo.toml","[dependencies]","percent-encoding","2.3.2"
"Elux","Elux/core/Cargo.toml","[dependencies]","r2d2","0.8.10"
"Elux","Elux/core/Cargo.toml","[dependencies]","r2d2_sqlite","0.31.0"
"Elux","Elux/core/Cargo.toml","[dependencies]","tokio-stream","0.1.17"
"Elux","Elux/core/Cargo.toml","[dependencies]","mime_guess","2.0.5"
"Elux","Elux/core/Cargo.toml","[dependencies]","rust-embed","8.9.0"
"Elux","Elux/core/Cargo.toml","[dependencies]","xray-sys","0.0.1"
"Elux","Elux/core/Cargo.toml","[dependencies]","ureq","3.3.0"
"Elux","Elux/core/Cargo.toml","[dev-dependencies]","tempfile","3.8"
"AUSWP","AUSWP/auswp-cli/Cargo.toml","[dependencies]","auswp-core","../auswp-core"
"AUSWP","AUSWP/auswp-cli/Cargo.toml","[dependencies]","tokio","1.38"
"AUSWP","AUSWP/auswp-cli/Cargo.toml","[dependencies]","clap","4.5"
"AUSWP","AUSWP/auswp-cli/Cargo.toml","[dependencies]","env_logger","0.11"
"AUSWP","AUSWP/auswp-cli/Cargo.toml","[dependencies]","anyhow","1.0"
"AUSWP","AUSWP/auswp-cli/Cargo.toml","[dependencies]","log","0.4"
"AUSWP","AUSWP/auswp-core/Cargo.toml","[dependencies]","tokio","1.38"
"AUSWP","AUSWP/auswp-core/Cargo.toml","[dependencies]","serde","1.0"
"AUSWP","AUSWP/auswp-core/Cargo.toml","[dependencies]","serde_json","1.0"
"AUSWP","AUSWP/auswp-core/Cargo.toml","[dependencies]","url","2.5"
"AUSWP","AUSWP/auswp-core/Cargo.toml","[dependencies]","uuid","1.8"
"AUSWP","AUSWP/auswp-core/Cargo.toml","[dependencies]","log","0.4"
"AUSWP","AUSWP/auswp-core/Cargo.toml","[dependencies]","anyhow","1.0"
"AUSWP","AUSWP/auswp-core/Cargo.toml","[dependencies]","reqwest","0.12"
"AUSWP","AUSWP/auswp-core/Cargo.toml","[dependencies]","tokio-socks","0.5"
"AUSWP","AUSWP/auswp-core/Cargo.toml","[dependencies]","percent-encoding","2.3"
"AUSWP","AUSWP/auswp-core/Cargo.toml","[dependencies]","futures","0.3"
"AUSWP","AUSWP/auswp-core/Cargo.toml","[dependencies]","base64","0.22"
"AUSWP","AUSWP/auswp-core/Cargo.toml","[dependencies]","maxminddb","0.24"
